article_id,date,title,rand,,summary,topic_2digit,topic_4digit,topic_6digit,CAPtopic_2digit,CAPtopic_4digit,CAPtopic_6digit,manually_recode,recoded,keyword_animal,keyword_domestic,keyword_welfare,keyword_pet,keyword_fish,keyword_fishspecies,keyword_fishery,keyword_industry,keyword_auto_industry,keyword_auto_industry2,keyword_gm,keyword_mechanic,keyword_mail2,keyword_teachers,keyword_grad,keyword_graduate,keyword_transit,keyword_teamsters,keyword_air,keyword_police,keyword_nba,keyword_nba2,keyword_medicine,keyword_maritime,keyword_housing,keyword_phone,keyword_phone2,keyword_phone3,keyword_telephone,topic_4digit_old,topic_6digit_old,article_sequence,waronterror,katrina,israelpalestine,immigration,presidentialelections,clintonimpeachment,enron,darfur,raceethnicity,schiavo
10456,7/27/99,Last New York Checker Turns Off Its Meter for Good,0.621179940762368,,last New York checker cab retiring,10,1001,100100,10,1001,100100,0,,,,,,,,,,,,,,,,0,0,,,,,,,,,,,,,0,1001,100100,f,0,0,0,0,0,0,0,0,0,0
26732,3/23/05,Investment Bubble Builds New China,0.033949184577739,, Ignited by Investment Bubble,19,1921,190701,19,1921,190701,0,,,,,,,,,,,,,,,,0,0,,,,,,,,,,,,,0,1907,190701,f,0,0,0,0,0,0,0,0,0,0
9720,4/28/99,Florida Will Award Vouchers for Pupils Whose Schools Fail,0.021942101548978,,Florida to give vouchers to students at failing schools,6,602,60200,6,602,60200,0,,,,,,,,,,,,,,,,0,0,,,,,,,,,,,,,0,602,60200,g,0,0,0,0,0,0,0,0,0,0
2920,12/28/96,An Officer and His Father-in-Law Are Buried,0.504046500764695,,funeral for a slain police officer,12,1209,120900,12,1201,120900,0,,,,,,,,,,,,,,,,0,0,,,,,,,,,,,,,0,1209,120900,e,0,0,0,0,0,0,0,0,0,0
26195,1/1/05,"As Officials Falter, the New Rich Roll In to Help",0.96666938820705,,Tsunami; India aids Sri Lanka,19,1921,192119,19,1921,192119,0,,,,,,,,,,,,,,,,0,0,,,,,,,,,,,,,0,1919,191919,e,0,0,0,0,0,0,0,0,0,0
25270,8/18/04,Cleric in Najaf Refuses to Meet Iraqi Mediators,0.78015168833538,,Iraq insurgency; rejection by Shiite militia leader to negotiate for a truce with Iraqi government officials.,16,1619,161900,16,1619,161900,0,,,,,,,,,,,,,,,,0,0,,,,,,,,,,,,,0,1619,161900,e,1,0,0,0,0,0,0,0,0,0
21087,2/22/03,3 PIECES OF DEBRIS HIT SHUTTLE WING,0.530556643071284,,inquiry into columbia breakup,17,1701,170100,17,1701,170100,0,,,,,,,,,,,,,,,,0,0,,,,,,,,,,,,,0,1701,170100,g,0,0,0,0,0,0,0,0,0,0
5641,12/6/97,Tears and Eulogies,0.692656088723596,,burial of kentucky school shooting victims,6,602,60201,6,602,60201,0,,,,,,,,,,,,,,,,0,0,,,,,,,,,,,,,0,602,60201,f,0,0,0,0,0,0,0,0,0,0
1469,6/30/96,"Saudi Kingdom Shows Cracks, U.S. Aides Fear ",0.117716506912293,,stability of Saudi Arabian government,19,1921,192120,19,1921,192120,0,,,,,,,,,,,,,,,,0,0,,,,,,,,,,,,,0,1920,192020,e,0,0,0,0,0,0,0,0,0,0
14958,2/8/01,"The Sharon Victory: News Analysis; Old Soldier, New Battle",0.911062698253129,,Sharon must fight new battles as Prime Minister,19,1921,192120,19,1921,192120,0,,,,,,,,,,,,,,,,0,0,,,,,,,,,,,,,0,1920,192020,h,0,0,0,0,0,0,0,0,0,0
10256,7/1/99,Russia's Role Still Debated,0.156102121337076,,NATO and Russia arguing about Russian peace keepers in Kosovo,16,1602,160200,16,1602,160200,0,,,,,,,,,,,,,,,,0,0,,,,,,,,,,,,,0,1602,160200,e,0,0,0,0,0,0,0,0,0,0
22510,8/18/03,THE BLACKOUT: THE GRID;  Midwest Utilities Were Warned About Pushing Limits of System,0.076778384751001,,blackout,8,802,80200,8,802,80200,0,,,,,,,,,,,,,,,,0,0,,,,,,,,,,,,,0,802,80200,g,0,0,0,0,0,0,0,0,0,0
15475,4/13/01,"In High-Scoring Scarsdale, A Revolt Against State Tests",0.7186647833178,,suburban school district opposes state standardized tests,6,607,60700,6,607,60700,0,,,,,,,,,,,,,,,,0,0,,,,,,,,,,,,,0,607,60700,b,0,0,0,0,0,0,0,0,0,0
22772,9/19/03,DAY OF VIOLENCE,0.686625612673948,,Americans killed and wounded in Iraq,16,1619,161900,16,1619,161900,0,,,,,,,,,,,,,,,,0,0,,,,,,,,,,,,,0,1619,161900,g,1,0,0,0,0,0,0,0,0,0
19538,8/22/02," BUSH, CITING FIRES, WILL SEEK TO EASE LAWS ON LOGGING",0.754361359603885,,bush to change logging laws,7,709,70900,7,709,70900,1,,0,0,0,0,0,0,0,,,,,,,,0,0,,,,,,,,,,,,,0,709,70900,a,0,0,0,0,0,0,0,0,0,0
29491,5/19/06,Vote in House Seeks to Erase Oil Windfall,0.036414197771255,,House votes on leases for drilling for oil in Gulf of Mexico,8,803,80300,8,803,80300,0,,,,,,,,,,,,,,,,0,0,,,,,,,,,,,,,0,803,80300,f,0,0,0,0,0,0,0,0,0,0
24926,6/27/04," For Iraqi Girls, Changing Land Narrows Lives",0.124677023874658,,Predicament of teenage Iraqi girls.,19,1921,192002,19,1921,192002,0,,,,,,,,,,,,,,,,0,0,,,,,,,,,,,,,0,1920,192002,b,1,0,0,0,0,0,0,0,0,0
12068,2/11/00,SUHARTO IS NAMED A GRAFT SUSPECT,0.438663200748913,,Indonesia corruption scandal,19,1921,192120,19,1921,192120,0,,,,,,,,,,,,,,,,0,0,,,,,,,,,,,,,0,1919,191920,g,0,0,0,0,0,0,0,0,0,0
7154,6/8/98,Haunted Juror Tells Of a Divided Panel Deciding for Death,0.148644073115448,,death penalty case,12,1210,121001,12,1210,121001,0,,,,,,,,,,,,,,,,0,0,,,,,,,,,,,,,0,1210,121001,b,0,0,0,0,0,0,0,0,0,0
28364,12/4/05,They Signed Up in Wartime,0.241730094354713,,10 marines killed in insurgent attack,16,1619,161900,16,1619,161900,0,,,,,,,,,,,,,,,,0,0,,,,,,,,,,,,,0,1619,161900,d,1,0,0,0,0,0,0,0,0,0
19947,10/9/02,Former F.B.I. Director Faults Lawmakers on Terror Fight,0.854430827915214,,former FBI director criticizes lawmakers on terror budget,16,1615,161500,16,1615,161500,0,,,,,,,,,,,,,,,,0,0,,,,,,,,,,,,,0,1615,161500,h,1,0,0,0,0,0,0,0,0,0
27867,9/17/05,Clues to a Hedge Fund's Collapse,0.210805999701197,,collapse of the Bayou Group hedge fund,15,1520,152000,15,1520,152000,0,,,,,,,,,,,,,,,,0,0,,,,,,,,,,,,,0,1520,152000,b,0,0,0,0,0,0,0,0,0,0
15880,6/1/01,Swift Rise Seen In H.I.V. Cases For Gay Blacks,0.10047156617268,,"study sees alarming rate of AIDS infections in young, gay black men",3,331,33100,3,331,33100,0,,,,,,,,,,,,,,,,0,0,,,,,,,,,,,,,0,331,33100,e,0,0,0,0,0,0,0,0,1,0
16289,7/20/01,"U.S. and Caribbean Face Era of More, and Big, Hurricanes",0.365142284160041,,"weather data predicts years of frequent, stronger hurricanes",17,1708,170800,17,1708,170800,0,,,,,,,,,,,,,,,,0,0,,,,,,,,,,,,,0,1708,170800,g,0,0,0,0,0,0,0,0,0,0
6437,3/15/98,When Character Counts,0.089699698320135,,"Former Sgt. Major of the Army Gene McKinney, and sexual harrassment charges in the military",16,1608,160800,16,1608,160800,0,,,,,,,,,,,,,,,,0,0,,,,,,,,,,,,,0,1608,160800,g,0,0,0,0,0,0,0,0,0,0
23260,11/20/03,Nuclear Board Said to Rebuff Bush Over Iran,0.779863436909774,,IAEA board rebuffs bush over iran,16,1605,160500,16,1605,160500,0,,,,,,,,,,,,,,,,0,0,,,,,,,,,,,,,0,1605,160500,f,1,0,0,0,0,0,0,0,0,0
18743,5/17/02,"NO HINT OF SEPT. 11 IN REPORT IN AUGUST, WHITE HOUSE SAYS, BUT CONGRESS SEEKS INQUIRY",0.613794068330708,,pre-9/11 warnings,16,1603,160300,16,1603,160300,0,,,,,,,,,,,,,,,,0,0,,,,,,,,,,,,,0,1603,160300,e,1,0,0,0,0,0,0,0,0,0
10805,9/10/99,Waco Investigator Outlines His Mission,0.613790932532191,,New Waco Investigator outlines mission,16,1615,161501,16,1615,161501,0,,,,,,,,,,,,,,,,0,0,,,,,,,,,,,,,0,1615,161501,a,0,0,0,0,0,0,0,0,0,0
11227,10/31/99,SOVEREIGN ISLANDS -- A special report.;,0.024187784376042,,medical care on cruise ships,10,1007,100700,10,1007,100700,0,,,,,,,,,,,,,,,,0,0,,,,,,,,,,,,,0,1007,100700,h,0,0,0,0,0,0,0,0,0,0
16359,7/29/01,House Social-Security Bill Shows Trade-Offs for Bush,0.891281111579606,,"proposal would create Social Security investment accounts for workers, cut benefits",13,1303,130300,13,1303,130300,0,,,,,,,,,,,,,,,,0,0,,,,,,,,,,,,,0,1303,130300,f,0,0,0,0,0,0,0,0,0,0
11223,10/31/99,STILL STANDING -- A special report.;,0.319395358017485,,Milosevic still in power,19,1921,192120,19,1921,192120,0,,,,,,,,,,,,,,,,0,0,,,,,,,,,,,,,0,1909,190920,c,0,0,0,0,0,0,0,0,0,0
25919,11/21/04,Soaring Interest Is Compounding Credit Card Woes for Millions,0.841262305865214,,Increasing interest rates and its effect on heavily-indebted American consumers.,1,101,10100,1,101,10100,0,,,,,,,,,,,,,,,,0,0,,,,,,,,,,,,,0,101,10100,f,0,0,0,0,0,0,0,0,0,0
15510,4/17/01,Healing Hospital: A Special Report; Alternative Medicine for Ailing Institution,0.767765587818611,,hospitals making small steps towards changes to save money,3,322,32200,3,322,32200,0,,,,,,,,,,,,,,,,0,0,,,,,,,,,,,,,0,322,32200,f,0,0,0,0,0,0,0,0,0,0
26914,4/22/05,NEW TERROR PLAN ANGERS FIRE DEPT.,0.599714441831358,,Domestic terrorism preparation; fire and polic departments,16,1615,161500,16,1615,161500,0,,,,,,,,,,,,,,,,0,0,,,,,,,,,,,,,0,1615,161500,a,1,0,0,0,0,0,0,0,0,0
16329,7/25/01,"Lucent to Make Cuts of 20,000 More Jobs",0.243954592572259,,"telecommunications giant announces job cuts, unsure can return to profitability",5,504,50400,5,504,50400,1,,,,,,,,,0,0,0,0,0,0,0,0,0,0,0,0,0,0,0,0,0,0,0,0,0,0,504,50400,h,0,0,0,0,0,0,0,0,0,0
21463,4/12/03, A NATION AT WAR: MOSUL;  Sniper Fire Greets G.I.'s in Big City in North,0.906088106549347,,US troops enter Mosul,16,1619,161900,16,1619,161900,0,,,,,,,,,,,,,,,,0,0,,,,,,,,,,,,,0,1619,161900,b,1,0,0,0,0,0,0,0,0,0
19760,9/17/02,"Up, Down, In and Out in Beverly Hills: Rats",0.107694299860415,,rats in beverly hills,14,1403,140300,14,1403,140300,0,,,,,,,,,,,,,,,,0,0,,,,,,,,,,,,,0,1403,140300,e,0,0,0,0,0,0,0,0,0,0
27818,9/9/05,"Holdouts on Dry Ground Say, 'Why Leave Now?'",0.633795178089236,,Some New Orleans residents reluctant to evacuate,14,1403,140300,14,1403,140300,0,,,,,,,,,,,,,,,,0,0,,,,,,,,,,,,,0,1403,140300,e,0,1,0,0,0,0,0,0,0,0
18386,4/3/02,Anger in the Streets Is Exerting Pressure On Arab Moderates,0.555856200908674,,street anger over israel,19,1921,192116,19,1921,192116,0,,,,,,,,,,,,,,,,0,0,,,,,,,,,,,,,0,1920,192016,g,0,0,1,0,0,0,0,0,0,0
13009,6/5/00,"Best of Friends, Worlds Apart",0.003793076909535,, series - inter-racial friendships,2,201,20100,2,201,20100,0,,,,,,,,,,,,,,,,0,0,,,,,,,,,,,,,0,201,20100,g,0,0,0,0,0,0,0,0,1,0
6738,4/19/98,LOOPHOLE ON GUNS FEARED IN EUROPE,0.262292391639045,,U.S. has little control over American arms that make their way to Europe,16,1605,160500,16,1605,160500,0,,,,,,,,,,,,,,,,0,0,,,,,,,,,,,,,0,1605,160500,j,0,0,0,0,0,0,0,0,0,0
8183,10/13/98,NATO OPENS WAY TO START BOMBING IN SERB PROVINCE,0.186012641955888,,NATO decides to begin bombing campaign in Serbian province,16,1602,160200,16,1602,160200,0,,,,,,,,,,,,,,,,0,0,,,,,,,,,,,,,0,1602,160200,k,0,0,0,0,0,0,0,0,0,0
6818,4/29/98,INSURERS LIMITING PAYMENTS FOR USE OF IMPOTENCE PILL,0.144307635120759,,Insurers limiting payments for use of Viagra,3,302,30200,3,302,30200,0,,,,,,,,,,,,,,,,0,0,,,,,,,,,,,,,0,302,30200,e,0,0,0,0,0,0,0,0,0,0
14558,12/20/00,Two Studies Report No Links to Cancer In Cell Phones' Use,0.682010530383816,,studies on cancer and cell phone use,3,398,39800,3,398,39800,0,,,,,,,,,,,,,,,,0,0,,,,,,,,,,,,,1,398,39800,b,0,0,0,0,0,0,0,0,0,0
20736,1/11/03,Justices to Take Case Of Nike and Speech,0.189371083862703,,lawsuit against nike,15,1520,152000,15,1520,152000,0,,,,,,,,,,,,,,,,0,0,,,,,,,,,,,,,0,1520,152000,f,0,0,0,0,0,0,0,0,0,0
15983,6/13/01,Japan and Tobacco Revenue: Leader Faces Difficult Choice,0.214244772379634,,"Japanese impose ordinance against cigarette vending machines, wait to see effects",19,1921,191903,19,1921,191903,0,,,,,,,,,,,,,,,,0,0,,,,,,,,,,,,,0,1919,191903,h,0,0,0,0,0,0,0,0,0,0
25162,8/1/04,Pact by Trade Group On Farm Subsidies,0.762009849068422,,WTO member-nations agreement to reduce developed-nation farm subsidies.,18,1802,180200,18,1802,180200,0,,,,,,,,,,,,,,,,0,0,,,,,,,,,,,,,0,1802,180200,g,0,0,0,0,0,0,0,0,0,0
7649,8/8/98,BOMBINGS IN EAST AFRICA: THE OVERVIEW;,0.539412367219422,,Terrorist bomings of U.S. embassies in East Africa,16,1615,161500,16,1615,161500,0,,,,,,,,,,,,,,,,0,0,,,,,,,,,,,,,0,1615,161500,g,0,0,0,0,0,0,0,0,0,0
24846,6/16/04,Panel on 9/11 Cites Confusion In Air Defense,0.729658695392606,,9/11 Commission hearing; faults in prewar air defense command.,16,1615,161502,16,1615,161502,0,,,,,,,,,,,,,,,,0,0,,,,,,,,,,,,,0,1615,161502,c,1,0,0,0,0,0,0,0,0,0
28580,1/5/06," In a Miners' Town, Grief, Anger and Questions",0.802249536780222,,miner safety; inadequate rescue response,5,501,50100,5,501,50100,0,,,,,,,,,,,,,,,,0,0,,,,,,,,,,,,,0,501,50100,b,0,0,0,0,0,0,0,0,0,0
29724,6/22/06,HUSSEIN LAWYER SEIZED AND SLAIN IN BAGHDAD RAID,0.701377395876212,,Iraq: Another Saddam Hussein defense attorney kidnapped and killed,16,1619,161901,16,1619,161901,0,,,,,,,,,,,,,,,,0,0,,,,,,,,,,,,,0,1619,161901,c,1,0,0,0,0,0,0,0,0,0
5433,11/11/97,THE BATTLE FOR MCI: THE OFFER; MCI ACCEPTS OFFER OF $36.5 BILLION; DEAL SETS RECORD,0.297224662363582,,MCI to be bought,15,1520,152002,15,1520,152002,0,,,,,,,,,,,,,,,,0,0,,,,,,,,,,,,,0,1520,152002,c,0,0,0,0,0,0,0,0,0,0
3354,2/21/97,U.S. WON'T OFFER TRADE TESTIMONY ON CUBA EMBARGO,0.803976715631578,,WTO appoints panel of judges to hear European's grievences against U.S.'s Cuba embargo; U.S. refusues to take part in legal proceedings,18,1802,180200,18,1802,180200,0,,,,,,,,,,,,,,,,0,0,,,,,,,,,,,,,0,1802,180200,e,0,0,0,0,0,0,0,0,0,0
4435,7/6/97,LABOR DESERTING DEMOCRATIC PARTY IN MAYORAL RACE,0.084604268426704,,Democratic candidates of New York City lose backing of powerful unions,5,504,50400,5,504,50400,1,,,,,,,,,0,0,0,0,0,0,0,0,0,0,0,0,0,0,0,0,0,0,0,0,0,0,504,50400,i,0,0,0,0,0,0,0,0,0,0
19951,10/10/02,U.S. Aides Split On Assessment Of Iraq's Plans,0.828663881703133,,US plans for Iraq,16,1619,161900,16,1619,161900,0,,,,,,,,,,,,,,,,0,0,,,,,,,,,,,,,0,1619,161900,b,1,0,0,0,0,0,0,0,0,0
4358,6/26/97,THE SUPREME COURT: DEFENDING THE JUDICIARY;,0.139344693868106,,Supreme Court strikes down Religious Freedom Restoration Act,2,207,20700,2,207,20700,0,,,,,,,,,,,,,,,,0,0,,,,,,,,,,,,,0,207,20700,h,0,0,0,0,0,0,0,0,0,0
20656,1/1/03,Longtime Teamster Fighting a Penalty: No Union Contact,0.179043477829628,,man expelled from Teamsters union,5,504,50400,10,1006,100600,1,,,,,,,,,0,0,0,0,0,0,0,0,0,0,1,,,,,,,,,,,0,504,50400,f,0,0,0,0,0,0,0,0,0,0
30139,8/22/06,Officials Seek Broader Access To Airline Data,0.123624512974431,,Officials seek broader access to airlines data in attempt to foil terror plots,10,1003,100300,10,1003,100300,0,,,,,,,,,,,,,,,,0,0,,,,,,,,,,,,,0,1003,100300,g,0,0,0,0,0,0,0,0,0,0
9384,3/16/99,"In Kosovo, War as Part of Daily Life",0.54190244976343,,Kosovo village attacked by Serbs burns as peace talks are delayed,19,1921,192116,19,1921,192116,0,,,,,,,,,,,,,,,,0,0,,,,,,,,,,,,,0,1909,190916,c,0,0,0,0,0,0,0,0,0,0
30123,8/20/06,"CBS Is All Katie, but Rivals Aren't Standing By",0.404565781706538,,CBS and campaign to introduce Katie Couric as lead news anchor,17,1707,170700,17,1707,170700,0,,,,,,,,,,,,,,,,0,0,,,,,,,,,,,,,0,1707,170700,f,0,0,0,0,0,0,0,0,0,0
7244,6/18/98,Scientists Take First Pictures Of AIDS Virus Attacking Cell,0.791481358743839,,scientists take a picture of the AIDS virus,3,398,39800,3,398,39800,0,,,,,,,,,,,,,,,,0,0,,,,,,,,,,,,,0,398,39800,f,0,0,0,0,0,0,0,0,0,0
11930,1/26/00,Visit Is Ordered For Cuban Boy,0.123907571646505,,Elian Gonzalez,9,900,53000,9,900,53000,0,,,,,,,,,,,,,,,,0,0,,,,,,,,,,,,,0,530,53000,f,0,0,0,1,0,0,0,0,0,0
3940,5/7/97,Hong Kong Fears Unraveling of Rule of Law,0.343592796037584,,Hong Kong's laws unravel due to Chinese occupation,19,1921,192112,19,1921,192112,0,,,,,,,,,,,,,,,,0,0,,,,,,,,,,,,,0,1919,191912,c,0,0,0,0,0,0,0,0,0,0
1028,5/7/96,CBS Plans to Offer Time to Candidates In Presidential Race,0.294926238511059,,CBS to offer free television time to Presidential Candidates,17,1707,170700,17,1707,170700,0,,,,,,,,,,,,,,,,0,0,,,,,,,,,,,,,0,1707,170700,f,0,0,0,0,1,0,0,0,0,0
21694,5/10/03,Herbs? Bull Thymus? Beijing Leaps at Anti-SARS Potions,0.506756531524109,,anti-SARS potions,3,331,33100,3,331,33100,0,,,,,,,,,,,,,,,,0,0,,,,,,,,,,,,,0,331,33100,e,0,0,0,0,0,0,0,0,0,0
20059,10/23/02,Disbelief and Desperation in the Sniper Zone,0.421115791253046,,hunt for the sniper,12,1299,129900,12,1299,129900,0,,,,,,,,,,,,,,,,0,0,,,,,,,,,,,,,0,1299,129900,d,0,0,0,0,0,0,0,0,0,0
21518,4/19/03,A NATION AT WAR: PROTESTS;  SUNNIS AND SHIITES UNITE TO PROTEST U.S. AND HUSSEIN,0.311872646472115,,Iraqis protest US and Saddam,19,1921,192002,19,1921,192002,0,,,,,,,,,,,,,,,,0,0,,,,,,,,,,,,,0,1920,192002,b,1,0,0,0,0,0,0,0,0,0
17042,10/23/01,A Nation Challenged: The Rebels; U.S. Jets Pound Front-Line Taliban,0.165420577631426,,"heaviest fighting occurs between Northern Alliance, Taliban;  American troops shift",16,1619,161900,16,1619,161900,0,,,,,,,,,,,,,,,,0,0,,,,,,,,,,,,,0,1619,161900,e,1,0,0,0,0,0,0,0,0,0
8946,1/19/99,"Health Insurance Costs Rise, Hitting Small Business Hard",0.95345433714748,,Rising health insurance costs affect small businesses,3,302,30200,3,302,30200,0,,,,,,,,,,,,,,,,0,0,,,,,,,,,,,,,0,302,30200,d,0,0,0,0,0,0,0,0,0,0
28467,12/19/05,"In Minnesota, an Odd Request: Please Don't Fence the Inmates In",0.627066062652522,,Minnesota town opposes a wall around a local prison,12,1205,120500,12,1205,120500,0,,,,,,,,,,,,,,,,0,0,,,,,,,,,,,,,0,1205,120500,e,0,0,0,0,0,0,0,0,0,0
20802,1/19/03, THREATS AND RESPONSES: PERSIAN GULF;  Fearful Saudis Seek a Way to Budge Hussein,0.348315877212492,,"Saudis trying to undermine Saddam, backing US threats of war",16,1602,160200,16,1602,160200,0,,,,,,,,,,,,,,,,0,0,,,,,,,,,,,,,0,1602,160200,b,1,0,0,0,0,0,0,0,0,0
14873,1/28/01,"In Rearview Mirror, A Wistful Gaze at the Olds",0.577561210218687,,Oldsmobile to be a vehicle of the past,10,1006,100600,10,1002,100600,0,,,,,,,,,,,,,,,,0,0,,,,,,,,,,,,,0,1006,100600,g,0,0,0,0,0,0,0,0,0,0
24065,3/2/04,"Like Japan in the 1980's, China Poses Big Economic Challenge",0.973649873290882,,China's Economic Growth is Threat to U.S. Independence,18,1806,180600,18,1806,180600,0,,,,,,,,,,,,,,,,0,0,,,,,,,,,,,,,0,1806,180600,a,0,0,0,0,0,0,0,0,0,0
17928,2/9/02,Grim Scavenger Hunt for DNA Drags On for Sept. 11 Families,0.989099163107634,,searching for DNA of 9/11 survivors,16,1615,161502,16,1615,161502,0,,,,,,,,,,,,,,,,0,0,,,,,,,,,,,,,0,1615,161502,c,1,0,0,0,0,0,0,0,0,0
28089,10/23/05,"Thousands of Demolitions Near, New Orleans Braces for New Pain",0.471754014373165,,Demolition of houses in New Orleans,14,1403,140300,14,1403,140300,0,,,,,,,,,,,,,,,,0,0,,,,,,,,,,,,,0,1403,140300,e,0,1,0,0,0,0,0,0,0,0
8627,12/7/98,U.S. to Propose NATO Take On Increased Roles,0.8630006462326,,NATO:  proposal for a NATO center for W.M.D.'s,16,1602,160200,16,1602,160200,0,,,,,,,,,,,,,,,,0,0,,,,,,,,,,,,,0,1602,160200,h,0,0,0,0,0,0,0,0,0,0
19145,7/6/02,U.S. JOBLESS RATE AT 5.9% IN JUNE; A SLIGHT INCREASE,0.726311295455295,,unemployment rate,1,103,10300,1,103,10300,0,,,,,,,,,,,,,,,,0,0,,,,,,,,,,,,,0,103,10300,b,0,0,0,0,0,0,0,0,0,0
5174,10/9/97,AIDS Research in Africa: Juggling Risks and Hopes,0.275823388853248,,AIDS research in Africa is risky venture,19,1921,191103,19,1921,191103,0,,,,,,,,,,,,,,,,0,0,,,,,,,,,,,,,0,1911,191103,g,0,0,0,0,0,0,0,0,0,0
5455,11/13/97,"THE TRADE CENTER VERDICT: THE MASTERMIND; Law Is Satisfied, but Answers Don't Cover Every Question ",0.720644362513188,,WTC bombing verdict,16,1615,161500,16,1615,161500,0,,,,,,,,,,,,,,,,0,0,,,,,,,,,,,,,0,1615,161500,g,0,0,0,0,0,0,0,0,0,0
5983,1/17/98,INTERNATIONAL BUSINESS;,0.393174050896513,,East Asian Financial Crisis; Korean-style capitalism dying,19,1906,190600,19,1906,190600,0,,,,,,,,,,,,,,,,0,0,,,,,,,,,,,,,0,1906,190600,f,0,0,0,0,0,0,0,0,0,0
18604,4/30/02,Hospitals Find Big Buying Groups May Not Come Up With Savings,0.854804365744819,,hospitals and buying groups,3,321,32100,3,321,32100,0,,,,,,,,,,,,,,,,0,0,,,,,,,,,,,,,0,321,32100,e,0,0,0,0,0,0,0,0,0,0
4234,6/11/97,SWISS FIND FUNDS THAT MAY BELONG TO NAZIS' VICTIMS,0.807034658852705,,Swiss banks find accounts that may belong to Holocaust victims,19,1910,191015,19,1910,191015,0,,,,,,,,,,,,,,,,0,0,,,,,,,,,,,,,0,1910,191015,f,0,0,0,0,0,0,0,0,0,0
23005,10/18/03,Quick Arms Search Ordered for Airliners,0.204183362627736,,inspection of all US passenger planes ordered,10,1003,100300,10,1003,100300,0,,,,,,,,,,,,,,,,0,0,,,,,,,,,,,,,0,1003,100300,i,0,0,0,0,0,0,0,0,0,0
28320,11/28/05,Gimme an Rx! Cheerleaders Pep Up Drug Sales,0.456137549368079,,cheerleaders used as drug reps,3,399,39900,3,399,39900,0,,,,,,,,,,,,,,,,0,0,,,,,,,,,,,,,0,399,39900,a,0,0,0,0,0,0,0,0,0,0
27932,9/27/05,Implant Program For Heart Device Was a Sales Spur,0.01350054423335,,medical device promotion,3,324,32400,3,324,32400,0,,,,,,,,,,,,,,,,0,0,,,,,,,,,,,,,0,324,32400,f,0,0,0,0,0,0,0,0,0,0
11806,1/11/00,MEDIA MEGADEAL: THE CHAMELEON; AOLChief Relaxes a Dress Code But Not His Vision of the Internet,0.844182613846784,,media merger,15,1520,152002,15,1520,152002,0,,,,,,,,,,,,,,,,0,0,,,,,,,,,,,,,0,1520,152002,c,0,0,0,0,0,0,0,0,0,0
29699,6/18/06,Former Antiterror Officials Find Industry Pays Better,0.080512996116431,,Former Bush anti-terror officials make living in private security sector,5,500,50000,5,500,50000,0,,,,,,,,,,,,,,,,0,0,,,,,,,,,,,,,0,500,50000,f,0,0,0,0,0,0,0,0,0,0
1347,6/15/96,A TRAIL OF VIOLENCE: THE SUSPECT; Beating Suspect's Confession Eerily Echoes a Father's Life,0.909491289270349,,"John Royster, NYC criminal, confession",12,1299,129900,12,1299,129900,0,,,,,,,,,,,,,,,,0,0,,,,,,,,,,,,,0,1299,129900,f,0,0,0,0,0,0,0,0,0,0
793,4/10/96,Parents Face Consequences As Children's Misdeeds Rise,0.751309078915696,,laws making parents responsible for children's actions,12,1206,120600,12,1206,120600,0,,,,,,,,,,,,,,,,0,0,,,,,,,,,,,,,0,1206,120600,a,0,0,0,0,0,0,0,0,0,0
6068,1/29/98,Educators Say Clinton's Plan On Class Size Faces Problems,0.117206669704714,,Problems with Clinton's plans to reduce class sizes in underprivledged districts,6,603,60300,6,603,60300,0,,,,,,,,,,,,,,,,0,0,,,,,,,,,,,,,0,603,60300,g,0,0,0,0,0,0,0,0,0,0
23306,11/26/03,A FINAL PUSH IN CONGRESS: THE ENDORSMENT;  AARP Support Came as Group Grew 'Younger',0.811056149412748,,AARP influence on medicare debate,3,335,33500,3,335,33500,0,,,,,,,,,,,,,,,,0,0,,,,,,,,,,,,,0,335,33500,e,0,0,0,0,0,0,0,0,0,0
3085,1/17/97,Bill Cosby's Son Is Killed,0.099172276055349,,Bill Cosby's son shot to death in LA,12,1299,129900,12,1299,129900,0,,,,,,,,,,,,,,,,0,0,,,,,,,,,,,,,0,1299,129900,k,0,0,0,0,0,0,0,0,0,0
27009,5/6/05,Insurer Ex-Chief Is Called Target Of Stock Inquiry,0.406617057269375,,insurer chief is investigated about stocks,12,1202,120203,12,1202,120203,0,,,,,,,,,,,,,,,,0,0,,,,,,,,,,,,,0,1202,120203,c,0,0,0,0,0,0,0,0,0,0
8905,1/14/99,Separate but Unequal: 2 Schools' Tales,0.459947809233886,,High school athletic budgets,6,602,60200,6,602,60200,0,,,,,,,,,,,,,,,,0,0,,,,,,,,,,,,,0,602,60200,a,0,0,0,0,0,0,0,0,0,0
22060,6/24/03,THE SUPREME COURT: COURT VACANCIES;  SOME ON THE RIGHT SEE A CHALLENGE,0.960382850204303,,potential vacancies on the supreme court,12,1204,120400,12,1204,120400,0,,,,,,,,,,,,,,,,0,0,,,,,,,,,,,,,0,1204,120400,c,0,0,0,0,0,0,0,0,0,0
30341,9/21/06,Iran's Leader Relishes 2nd Chance to Make Waves,0.926765989066927,,Iran's president and address to U.N.,19,1921,192120,19,1921,192120,0,,,,,,,,,,,,,,,,0,0,,,,,,,,,,,,,0,1920,192020,h,0,0,0,0,0,0,0,0,0,0
14038,10/11/00,Study on Polar Flights,0.125061289928766,,airplane routes over the north pole,10,1003,100300,10,1003,100300,0,,,,,,,,,,,,,,,,0,0,,,,,,,,,,,,,0,1003,100300,d,0,0,0,0,0,0,0,0,0,0
19855,9/28/02," Seen as Safety Net, 9/11 Program Is Anything But",0.969143652978559,,9/11 financial assistance,16,1615,161502,16,1615,161502,0,,,,,,,,,,,,,,,,0,0,,,,,,,,,,,,,0,1615,161502,g,1,0,0,0,0,0,0,0,0,0
4656,8/4/97,"Once Prized, Japan's Elderly Feel Abandoned and Fearful",0.106394902489338,,Elderly in East Asia feel abandoned and fearful as they grow old apart from their children,19,1921,192113,19,1921,192113,0,,,,,,,,,,,,,,,,0,0,,,,,,,,,,,,,0,1919,191913,a,0,0,0,0,0,0,0,0,0,0
12095,2/15/00,OFFICER RECOUNTS DIALLO'S SHOOTING IN DAY ON STAND,0.010660561968251,,Diallo trial,12,1209,120902,12,1201,120103,0,,,,,,,,,,,,,,,,0,0,,,,,,,,,,,,,0,1209,120902,a,0,0,0,0,0,0,0,0,1,0
